2020-01-20,Seoul,0
2020-01-20,Busan,0
2020-01-20,Daegu,0
2020-01-20,Incheon,1
2020-01-20,Gwangju,0
2020-01-20,Daejeon,0
2020-01-20,Ulsan,0
2020-01-20,Sejong,0
2020-01-20,Gyeonggi-do,0
2020-01-20,Gangwon-do,0
2020-01-20,Chungcheongbuk-do,0
2020-01-20,Chungcheongnam-do,0
2020-01-20,Jeollabuk-do,0
2020-01-20,Jeollanam-do,0
2020-01-20,Gyeongsangbuk-do,0
2020-01-20,Gyeongsangnam-do,0
2020-01-20,Jeju-do,0
2020-01-21,Seoul,0
2020-01-21,Busan,0
2020-01-21,Daegu,0
2020-01-21,Incheon,0
2020-01-21,Gwangju,0
2020-01-21,Daejeon,0
2020-01-21,Ulsan,0
2020-01-21,Sejong,0
2020-01-21,Gyeonggi-do,0
2020-01-21,Gangwon-do,0
2020-01-21,Chungcheongbuk-do,0
2020-01-21,Chungcheongnam-do,0
2020-01-21,Jeollabuk-do,0
2020-01-21,Jeollanam-do,0
2020-01-21,Gyeongsangbuk-do,0
2020-01-21,Gyeongsangnam-do,0
2020-01-21,Jeju-do,0
2020-01-22,Seoul,0
2020-01-22,Busan,0
2020-01-22,Daegu,0
2020-01-22,Incheon,0
2020-01-22,Gwangju,0
2020-01-22,Daejeon,0
2020-01-22,Ulsan,0
2020-01-22,Sejong,0
2020-01-22,Gyeonggi-do,0
2020-01-22,Gangwon-do,0
2020-01-22,Chungcheongbuk-do,0
2020-01-22,Chungcheongnam-do,0
2020-01-22,Jeollabuk-do,0
2020-01-22,Jeollanam-do,0
2020-01-22,Gyeongsangbuk-do,0
2020-01-22,Gyeongsangnam-do,0
2020-01-22,Jeju-do,0
2020-01-23,Seoul,0
2020-01-23,Busan,0
2020-01-23,Daegu,0
2020-01-23,Incheon,0
2020-01-23,Gwangju,0
2020-01-23,Daejeon,0
2020-01-23,Ulsan,0
2020-01-23,Sejong,0
2020-01-23,Gyeonggi-do,0
2020-01-23,Gangwon-do,0
2020-01-23,Chungcheongbuk-do,0
2020-01-23,Chungcheongnam-do,0
2020-01-23,Jeollabuk-do,0
2020-01-23,Jeollanam-do,0
2020-01-23,Gyeongsangbuk-do,0
2020-01-23,Gyeongsangnam-do,0
2020-01-23,Jeju-do,0
2020-01-24,Seoul,0
2020-01-24,Busan,0
2020-01-24,Daegu,0
2020-01-24,Incheon,0
2020-01-24,Gwangju,0
2020-01-24,Daejeon,0
2020-01-24,Ulsan,0
2020-01-24,Sejong,0
2020-01-24,Gyeonggi-do,1
2020-01-24,Gangwon-do,0
2020-01-24,Chungcheongbuk-do,0
2020-01-24,Chungcheongnam-do,0
2020-01-24,Jeollabuk-do,0
2020-01-24,Jeollanam-do,0
2020-01-24,Gyeongsangbuk-do,0
2020-01-24,Gyeongsangnam-do,0
2020-01-24,Jeju-do,0
2020-01-25,Seoul,0
2020-01-25,Busan,0
2020-01-25,Daegu,0
2020-01-25,Incheon,0
2020-01-25,Gwangju,0
2020-01-25,Daejeon,0
2020-01-25,Ulsan,0
2020-01-25,Sejong,0
2020-01-25,Gyeonggi-do,0
2020-01-25,Gangwon-do,0
2020-01-25,Chungcheongbuk-do,0
2020-01-25,Chungcheongnam-do,0
2020-01-25,Jeollabuk-do,0
2020-01-25,Jeollanam-do,0
2020-01-25,Gyeongsangbuk-do,0
2020-01-25,Gyeongsangnam-do,0
2020-01-25,Jeju-do,0
2020-01-26,Seoul,0
2020-01-26,Busan,0
2020-01-26,Daegu,0
2020-01-26,Incheon,0
2020-01-26,Gwangju,0
2020-01-26,Daejeon,0
2020-01-26,Ulsan,0
2020-01-26,Sejong,0
2020-01-26,Gyeonggi-do,1
2020-01-26,Gangwon-do,0
2020-01-26,Chungcheongbuk-do,0
2020-01-26,Chungcheongnam-do,0
2020-01-26,Jeollabuk-do,0
2020-01-26,Jeollanam-do,0
2020-01-26,Gyeongsangbuk-do,0
2020-01-26,Gyeongsangnam-do,0
2020-01-26,Jeju-do,0
2020-01-27,Seoul,1
2020-01-27,Busan,0
2020-01-27,Daegu,0
2020-01-27,Incheon,0
2020-01-27,Gwangju,0
2020-01-27,Daejeon,0
2020-01-27,Ulsan,0
2020-01-27,Sejong,0
2020-01-27,Gyeonggi-do,0
2020-01-27,Gangwon-do,0
2020-01-27,Chungcheongbuk-do,0
2020-01-27,Chungcheongnam-do,0
2020-01-27,Jeollabuk-do,0
2020-01-27,Jeollanam-do,0
2020-01-27,Gyeongsangbuk-do,0
2020-01-27,Gyeongsangnam-do,0
2020-01-27,Jeju-do,0
2020-01-28,Seoul,0
2020-01-28,Busan,0
2020-01-28,Daegu,0
2020-01-28,Incheon,0
2020-01-28,Gwangju,0
2020-01-28,Daejeon,0
2020-01-28,Ulsan,0
2020-01-28,Sejong,0
2020-01-28,Gyeonggi-do,0
2020-01-28,Gangwon-do,0
2020-01-28,Chungcheongbuk-do,0
2020-01-28,Chungcheongnam-do,0
2020-01-28,Jeollabuk-do,0
2020-01-28,Jeollanam-do,0
2020-01-28,Gyeongsangbuk-do,0
2020-01-28,Gyeongsangnam-do,0
2020-01-28,Jeju-do,0
2020-01-29,Seoul,0
2020-01-29,Busan,0
2020-01-29,Daegu,0
2020-01-29,Incheon,0
2020-01-29,Gwangju,0
2020-01-29,Daejeon,0
2020-01-29,Ulsan,0
2020-01-29,Sejong,0
2020-01-29,Gyeonggi-do,0
2020-01-29,Gangwon-do,0
2020-01-29,Chungcheongbuk-do,0
2020-01-29,Chungcheongnam-do,0
2020-01-29,Jeollabuk-do,0
2020-01-29,Jeollanam-do,0
2020-01-29,Gyeongsangbuk-do,0
2020-01-29,Gyeongsangnam-do,0
2020-01-29,Jeju-do,0
2020-01-30,Seoul,2
2020-01-30,Busan,0
2020-01-30,Daegu,0
2020-01-30,Incheon,0
2020-01-30,Gwangju,0
2020-01-30,Daejeon,0
2020-01-30,Ulsan,0
2020-01-30,Sejong,0
2020-01-30,Gyeonggi-do,1
2020-01-30,Gangwon-do,0
2020-01-30,Chungcheongbuk-do,0
2020-01-30,Chungcheongnam-do,0
2020-01-30,Jeollabuk-do,0
2020-01-30,Jeollanam-do,0
2020-01-30,Gyeongsangbuk-do,0
2020-01-30,Gyeongsangnam-do,0
2020-01-30,Jeju-do,0
2020-01-31,Seoul,1
2020-01-31,Busan,0
2020-01-31,Daegu,0
2020-01-31,Incheon,0
2020-01-31,Gwangju,0
2020-01-31,Daejeon,0
2020-01-31,Ulsan,0
2020-01-31,Sejong,0
2020-01-31,Gyeonggi-do,2
2020-01-31,Gangwon-do,0
2020-01-31,Chungcheongbuk-do,0
2020-01-31,Chungcheongnam-do,0
2020-01-31,Jeollabuk-do,1
2020-01-31,Jeollanam-do,0
2020-01-31,Gyeongsangbuk-do,0
2020-01-31,Gyeongsangnam-do,0
2020-01-31,Jeju-do,0
2020-02-01,Seoul,0
2020-02-01,Busan,0
2020-02-01,Daegu,0
2020-02-01,Incheon,0
2020-02-01,Gwangju,0
2020-02-01,Daejeon,0
2020-02-01,Ulsan,0
2020-02-01,Sejong,0
2020-02-01,Gyeonggi-do,1
2020-02-01,Gangwon-do,0
2020-02-01,Chungcheongbuk-do,0
2020-02-01,Chungcheongnam-do,0
2020-02-01,Jeollabuk-do,0
2020-02-01,Jeollanam-do,0
2020-02-01,Gyeongsangbuk-do,0
2020-02-01,Gyeongsangnam-do,0
2020-02-01,Jeju-do,0
2020-02-02,Seoul,1
2020-02-02,Busan,0
2020-02-02,Daegu,0
2020-02-02,Incheon,0
2020-02-02,Gwangju,0
2020-02-02,Daejeon,0
2020-02-02,Ulsan,0
2020-02-02,Sejong,0
2020-02-02,Gyeonggi-do,2
2020-02-02,Gangwon-do,0
2020-02-02,Chungcheongbuk-do,0
2020-02-02,Chungcheongnam-do,0
2020-02-02,Jeollabuk-do,0
2020-02-02,Jeollanam-do,0
2020-02-02,Gyeongsangbuk-do,0
2020-02-02,Gyeongsangnam-do,0
2020-02-02,Jeju-do,0
2020-02-03,Seoul,0
2020-02-03,Busan,0
2020-02-03,Daegu,0
2020-02-03,Incheon,0
2020-02-03,Gwangju,0
2020-02-03,Daejeon,0
2020-02-03,Ulsan,0
2020-02-03,Sejong,0
2020-02-03,Gyeonggi-do,0
2020-02-03,Gangwon-do,0
2020-02-03,Chungcheongbuk-do,0
2020-02-03,Chungcheongnam-do,0
2020-02-03,Jeollabuk-do,0
2020-02-03,Jeollanam-do,0
2020-02-03,Gyeongsangbuk-do,0
2020-02-03,Gyeongsangnam-do,0
2020-02-03,Jeju-do,0
2020-02-04,Seoul,0
2020-02-04,Busan,0
2020-02-04,Daegu,0
2020-02-04,Incheon,0
2020-02-04,Gwangju,1
2020-02-04,Daejeon,0
2020-02-04,Ulsan,0
2020-02-04,Sejong,0
2020-02-04,Gyeonggi-do,0
2020-02-04,Gangwon-do,0
2020-02-04,Chungcheongbuk-do,0
2020-02-04,Chungcheongnam-do,0
2020-02-04,Jeollabuk-do,0
2020-02-04,Jeollanam-do,0
2020-02-04,Gyeongsangbuk-do,0
2020-02-04,Gyeongsangnam-do,0
2020-02-04,Jeju-do,0
2020-02-05,Seoul,0
2020-02-05,Busan,0
2020-02-05,Daegu,0
2020-02-05,Incheon,0
2020-02-05,Gwangju,0
2020-02-05,Daejeon,0
2020-02-05,Ulsan,0
2020-02-05,Sejong,0
2020-02-05,Gyeonggi-do,2
2020-02-05,Gangwon-do,0
2020-02-05,Chungcheongbuk-do,0
2020-02-05,Chungcheongnam-do,0
2020-02-05,Jeollabuk-do,0
2020-02-05,Jeollanam-do,0
2020-02-05,Gyeongsangbuk-do,0
2020-02-05,Gyeongsangnam-do,0
2020-02-05,Jeju-do,0
2020-02-06,Seoul,5
2020-02-06,Busan,0
2020-02-06,Daegu,0
2020-02-06,Incheon,0
2020-02-06,Gwangju,0
2020-02-06,Daejeon,0
2020-02-06,Ulsan,0
2020-02-06,Sejong,0
2020-02-06,Gyeonggi-do,0
2020-02-06,Gangwon-do,0
2020-02-06,Chungcheongbuk-do,0
2020-02-06,Chungcheongnam-do,0
2020-02-06,Jeollabuk-do,0
2020-02-06,Jeollanam-do,0
2020-02-06,Gyeongsangbuk-do,0
2020-02-06,Gyeongsangnam-do,0
2020-02-06,Jeju-do,0
2020-02-07,Seoul,1
2020-02-07,Busan,0
2020-02-07,Daegu,0
2020-02-07,Incheon,0
2020-02-07,Gwangju,0
2020-02-07,Daejeon,0
2020-02-07,Ulsan,0
2020-02-07,Sejong,0
2020-02-07,Gyeonggi-do,0
2020-02-07,Gangwon-do,0
2020-02-07,Chungcheongbuk-do,0
2020-02-07,Chungcheongnam-do,0
2020-02-07,Jeollabuk-do,0
2020-02-07,Jeollanam-do,0
2020-02-07,Gyeongsangbuk-do,0
2020-02-07,Gyeongsangnam-do,0
2020-02-07,Jeju-do,0
2020-02-08,Seoul,0
2020-02-08,Busan,0
2020-02-08,Daegu,0
2020-02-08,Incheon,0
2020-02-08,Gwangju,0
2020-02-08,Daejeon,0
2020-02-08,Ulsan,0
2020-02-08,Sejong,0
2020-02-08,Gyeonggi-do,0
2020-02-08,Gangwon-do,0
2020-02-08,Chungcheongbuk-do,0
2020-02-08,Chungcheongnam-do,0
2020-02-08,Jeollabuk-do,0
2020-02-08,Jeollanam-do,0
2020-02-08,Gyeongsangbuk-do,0
2020-02-08,Gyeongsangnam-do,0
2020-02-08,Jeju-do,0
2020-02-09,Seoul,3
2020-02-09,Busan,0
2020-02-09,Daegu,0
2020-02-09,Incheon,0
2020-02-09,Gwangju,0
2020-02-09,Daejeon,0
2020-02-09,Ulsan,0
2020-02-09,Sejong,0
2020-02-09,Gyeonggi-do,0
2020-02-09,Gangwon-do,0
2020-02-09,Chungcheongbuk-do,0
2020-02-09,Chungcheongnam-do,0
2020-02-09,Jeollabuk-do,0
2020-02-09,Jeollanam-do,0
2020-02-09,Gyeongsangbuk-do,0
2020-02-09,Gyeongsangnam-do,0
2020-02-09,Jeju-do,0
2020-02-10,Seoul,0
2020-02-10,Busan,0
2020-02-10,Daegu,0
2020-02-10,Incheon,0
2020-02-10,Gwangju,0
2020-02-10,Daejeon,0
2020-02-10,Ulsan,0
2020-02-10,Sejong,0
2020-02-10,Gyeonggi-do,0
2020-02-10,Gangwon-do,0
2020-02-10,Chungcheongbuk-do,0
2020-02-10,Chungcheongnam-do,0
2020-02-10,Jeollabuk-do,0
2020-02-10,Jeollanam-do,0
2020-02-10,Gyeongsangbuk-do,0
2020-02-10,Gyeongsangnam-do,0
2020-02-10,Jeju-do,0
2020-02-11,Seoul,0
2020-02-11,Busan,0
2020-02-11,Daegu,0
2020-02-11,Incheon,0
2020-02-11,Gwangju,0
2020-02-11,Daejeon,0
2020-02-11,Ulsan,0
2020-02-11,Sejong,0
2020-02-11,Gyeonggi-do,2
2020-02-11,Gangwon-do,0
2020-02-11,Chungcheongbuk-do,0
2020-02-11,Chungcheongnam-do,0
2020-02-11,Jeollabuk-do,0
2020-02-11,Jeollanam-do,0
2020-02-11,Gyeongsangbuk-do,0
2020-02-11,Gyeongsangnam-do,0
2020-02-11,Jeju-do,0
2020-02-12,Seoul,0
2020-02-12,Busan,0
2020-02-12,Daegu,0
2020-02-12,Incheon,0
2020-02-12,Gwangju,0
2020-02-12,Daejeon,0
2020-02-12,Ulsan,0
2020-02-12,Sejong,0
2020-02-12,Gyeonggi-do,0
2020-02-12,Gangwon-do,0
2020-02-12,Chungcheongbuk-do,0
2020-02-12,Chungcheongnam-do,0
2020-02-12,Jeollabuk-do,0
2020-02-12,Jeollanam-do,0
2020-02-12,Gyeongsangbuk-do,0
2020-02-12,Gyeongsangnam-do,0
2020-02-12,Jeju-do,0
2020-02-13,Seoul,0
2020-02-13,Busan,0
2020-02-13,Daegu,0
2020-02-13,Incheon,0
2020-02-13,Gwangju,0
2020-02-13,Daejeon,0
2020-02-13,Ulsan,0
2020-02-13,Sejong,0
2020-02-13,Gyeonggi-do,0
2020-02-13,Gangwon-do,0
2020-02-13,Chungcheongbuk-do,0
2020-02-13,Chungcheongnam-do,0
2020-02-13,Jeollabuk-do,0
2020-02-13,Jeollanam-do,0
2020-02-13,Gyeongsangbuk-do,0
2020-02-13,Gyeongsangnam-do,0
2020-02-13,Jeju-do,0
2020-02-14,Seoul,0
2020-02-14,Busan,0
2020-02-14,Daegu,0
2020-02-14,Incheon,0
2020-02-14,Gwangju,0
2020-02-14,Daejeon,0
2020-02-14,Ulsan,0
2020-02-14,Sejong,0
2020-02-14,Gyeonggi-do,0
2020-02-14,Gangwon-do,0
2020-02-14,Chungcheongbuk-do,0
2020-02-14,Chungcheongnam-do,0
2020-02-14,Jeollabuk-do,0
2020-02-14,Jeollanam-do,0
2020-02-14,Gyeongsangbuk-do,0
2020-02-14,Gyeongsangnam-do,0
2020-02-14,Jeju-do,0
2020-02-15,Seoul,0
2020-02-15,Busan,0
2020-02-15,Daegu,0
2020-02-15,Incheon,0
2020-02-15,Gwangju,0
2020-02-15,Daejeon,0
2020-02-15,Ulsan,0
2020-02-15,Sejong,0
2020-02-15,Gyeonggi-do,0
2020-02-15,Gangwon-do,0
2020-02-15,Chungcheongbuk-do,0
2020-02-15,Chungcheongnam-do,0
2020-02-15,Jeollabuk-do,0
2020-02-15,Jeollanam-do,0
2020-02-15,Gyeongsangbuk-do,0
2020-02-15,Gyeongsangnam-do,0
2020-02-15,Jeju-do,0
2020-02-16,Seoul,0
2020-02-16,Busan,0
2020-02-16,Daegu,0
2020-02-16,Incheon,0
2020-02-16,Gwangju,0
2020-02-16,Daejeon,0
2020-02-16,Ulsan,0
2020-02-16,Sejong,0
2020-02-16,Gyeonggi-do,0
2020-02-16,Gangwon-do,0
2020-02-16,Chungcheongbuk-do,0
2020-02-16,Chungcheongnam-do,0
2020-02-16,Jeollabuk-do,0
2020-02-16,Jeollanam-do,0
2020-02-16,Gyeongsangbuk-do,0
2020-02-16,Gyeongsangnam-do,0
2020-02-16,Jeju-do,0
2020-02-17,Seoul,0
2020-02-17,Busan,0
2020-02-17,Daegu,0
2020-02-17,Incheon,0
2020-02-17,Gwangju,0
2020-02-17,Daejeon,0
2020-02-17,Ulsan,0
2020-02-17,Sejong,0
2020-02-17,Gyeonggi-do,0
2020-02-17,Gangwon-do,0
2020-02-17,Chungcheongbuk-do,0
2020-02-17,Chungcheongnam-do,0
2020-02-17,Jeollabuk-do,0
2020-02-17,Jeollanam-do,0
2020-02-17,Gyeongsangbuk-do,0
2020-02-17,Gyeongsangnam-do,0
2020-02-17,Jeju-do,0
2020-02-18,Seoul,0
2020-02-18,Busan,0
2020-02-18,Daegu,1
2020-02-18,Incheon,0
2020-02-18,Gwangju,0
2020-02-18,Daejeon,0
2020-02-18,Ulsan,0
2020-02-18,Sejong,0
2020-02-18,Gyeonggi-do,0
2020-02-18,Gangwon-do,0
2020-02-18,Chungcheongbuk-do,0
2020-02-18,Chungcheongnam-do,0
2020-02-18,Jeollabuk-do,0
2020-02-18,Jeollanam-do,0
2020-02-18,Gyeongsangbuk-do,0
2020-02-18,Gyeongsangnam-do,0
2020-02-18,Jeju-do,0
2020-02-19,Seoul,6
2020-02-19,Busan,0
2020-02-19,Daegu,10
2020-02-19,Incheon,1
2020-02-19,Gwangju,0
2020-02-19,Daejeon,0
2020-02-19,Ulsan,0
2020-02-19,Sejong,0
2020-02-19,Gyeonggi-do,0
2020-02-19,Gangwon-do,0
2020-02-19,Chungcheongbuk-do,0
2020-02-19,Chungcheongnam-do,0
2020-02-19,Jeollabuk-do,0
2020-02-19,Jeollanam-do,0
2020-02-19,Gyeongsangbuk-do,2
2020-02-19,Gyeongsangnam-do,3
2020-02-19,Jeju-do,0
2020-02-20,Seoul,2
2020-02-20,Busan,8
2020-02-20,Daegu,19
2020-02-20,Incheon,0
2020-02-20,Gwangju,0
2020-02-20,Daejeon,0
2020-02-20,Ulsan,0
2020-02-20,Sejong,0
2020-02-20,Gyeonggi-do,0
2020-02-20,Gangwon-do,0
2020-02-20,Chungcheongbuk-do,0
2020-02-20,Chungcheongnam-do,0
2020-02-20,Jeollabuk-do,0
2020-02-20,Jeollanam-do,0
2020-02-20,Gyeongsangbuk-do,23
2020-02-20,Gyeongsangnam-do,0
2020-02-20,Jeju-do,0
2020-02-21,Seoul,5
2020-02-21,Busan,0
2020-02-21,Daegu,80
2020-02-21,Incheon,0
2020-02-21,Gwangju,2
2020-02-21,Daejeon,0
2020-02-21,Ulsan,0
2020-02-21,Sejong,0
2020-02-21,Gyeonggi-do,2
2020-02-21,Gangwon-do,0
2020-02-21,Chungcheongbuk-do,1
2020-02-21,Chungcheongnam-do,1
2020-02-21,Jeollabuk-do,1
2020-02-21,Jeollanam-do,0
2020-02-21,Gyeongsangbuk-do,3
2020-02-21,Gyeongsangnam-do,4
2020-02-21,Jeju-do,1
2020-02-22,Seoul,3
2020-02-22,Busan,3
2020-02-22,Daegu,83
2020-02-22,Incheon,0
2020-02-22,Gwangju,3
2020-02-22,Daejeon,2
2020-02-22,Ulsan,1
2020-02-22,Sejong,1
2020-02-22,Gyeonggi-do,6
2020-02-22,Gangwon-do,6
2020-02-22,Chungcheongbuk-do,2
2020-02-22,Chungcheongnam-do,0
2020-02-22,Jeollabuk-do,1
2020-02-22,Jeollanam-do,1
2020-02-22,Gyeongsangbuk-do,117
2020-02-22,Gyeongsangnam-do,0
2020-02-22,Jeju-do,0
2020-02-23,Seoul,1
2020-02-23,Busan,8
2020-02-23,Daegu,117
2020-02-23,Incheon,0
2020-02-23,Gwangju,2
2020-02-23,Daejeon,1
2020-02-23,Ulsan,0
2020-02-23,Sejong,0
2020-02-23,Gyeonggi-do,4
2020-02-23,Gangwon-do,0
2020-02-23,Chungcheongbuk-do,0
2020-02-23,Chungcheongnam-do,0
2020-02-23,Jeollabuk-do,0
2020-02-23,Jeollanam-do,0
2020-02-23,Gyeongsangbuk-do,25
2020-02-23,Gyeongsangnam-do,10
2020-02-23,Jeju-do,1
2020-02-24,Seoul,4
2020-02-24,Busan,15
2020-02-24,Daegu,173
2020-02-24,Incheon,0
2020-02-24,Gwangju,1
2020-02-24,Daejeon,0
2020-02-24,Ulsan,1
2020-02-24,Sejong,0
2020-02-24,Gyeonggi-do,11
2020-02-24,Gangwon-do,0
2020-02-24,Chungcheongbuk-do,0
2020-02-24,Chungcheongnam-do,0
2020-02-24,Jeollabuk-do,0
2020-02-24,Jeollanam-do,0
2020-02-24,Gyeongsangbuk-do,23
2020-02-24,Gyeongsangnam-do,3
2020-02-24,Jeju-do,0
2020-02-25,Seoul,6
2020-02-25,Busan,8
2020-02-25,Daegu,60
2020-02-25,Incheon,0
2020-02-25,Gwangju,0
2020-02-25,Daejeon,0
2020-02-25,Ulsan,1
2020-02-25,Sejong,0
2020-02-25,Gyeonggi-do,7
2020-02-25,Gangwon-do,0
2020-02-25,Chungcheongbuk-do,2
2020-02-25,Chungcheongnam-do,1
2020-02-25,Jeollabuk-do,0
2020-02-25,Jeollanam-do,0
2020-02-25,Gyeongsangbuk-do,56
2020-02-25,Gyeongsangnam-do,3
2020-02-25,Jeju-do,0
2020-02-26,Seoul,8
2020-02-26,Busan,16
2020-02-26,Daegu,167
2020-02-26,Incheon,1
2020-02-26,Gwangju,0
2020-02-26,Daejeon,2
2020-02-26,Ulsan,1
2020-02-26,Sejong,0
2020-02-26,Gyeonggi-do,9
2020-02-26,Gangwon-do,0
2020-02-26,Chungcheongbuk-do,0
2020-02-26,Chungcheongnam-do,1
2020-02-26,Jeollabuk-do,0
2020-02-26,Jeollanam-do,0
2020-02-26,Gyeongsangbuk-do,68
2020-02-26,Gyeongsangnam-do,11
2020-02-26,Jeju-do,0
2020-02-27,Seoul,7
2020-02-27,Busan,3
2020-02-27,Daegu,422
2020-02-27,Incheon,0
2020-02-27,Gwangju,0
2020-02-27,Daejeon,4
2020-02-27,Ulsan,7
2020-02-27,Sejong,0
2020-02-27,Gyeonggi-do,11
2020-02-27,Gangwon-do,0
2020-02-27,Chungcheongbuk-do,3
2020-02-27,Chungcheongnam-do,9
2020-02-27,Jeollabuk-do,2
2020-02-27,Jeollanam-do,0
2020-02-27,Gyeongsangbuk-do,28
2020-02-27,Gyeongsangnam-do,9
2020-02-27,Jeju-do,0
2020-02-28,Seoul,6
2020-02-28,Busan,4
2020-02-28,Daegu,448
2020-02-28,Incheon,1
2020-02-28,Gwangju,0
2020-02-28,Daejeon,4
2020-02-28,Ulsan,3
2020-02-28,Sejong,0
2020-02-28,Gyeonggi-do,10
2020-02-28,Gangwon-do,1
2020-02-28,Chungcheongbuk-do,1
2020-02-28,Chungcheongnam-do,23
2020-02-28,Jeollabuk-do,0
2020-02-28,Jeollanam-do,0
2020-02-28,Gyeongsangbuk-do,64
2020-02-28,Gyeongsangnam-do,6
2020-02-28,Jeju-do,0
2020-02-29,Seoul,15
2020-02-29,Busan,15
2020-02-29,Daegu,656
2020-02-29,Incheon,2
2020-02-29,Gwangju,0
2020-02-29,Daejeon,0
2020-02-29,Ulsan,3
2020-02-29,Sejong,0
2020-02-29,Gyeonggi-do,10
2020-02-29,Gangwon-do,0
2020-02-29,Chungcheongbuk-do,1
2020-02-29,Chungcheongnam-do,20
2020-02-29,Jeollabuk-do,0
2020-02-29,Jeollanam-do,2
2020-02-29,Gyeongsangbuk-do,79
2020-02-29,Gyeongsangnam-do,10
2020-02-29,Jeju-do,0
2020-03-01,Seoul,10
2020-03-01,Busan,3
2020-03-01,Daegu,468
2020-03-01,Incheon,0
2020-03-01,Gwangju,0
2020-03-01,Daejeon,0
2020-03-01,Ulsan,3
2020-03-01,Sejong,0
2020-03-01,Gyeonggi-do,7
2020-03-01,Gangwon-do,8
2020-03-01,Chungcheongbuk-do,1
2020-03-01,Chungcheongnam-do,13
2020-03-01,Jeollabuk-do,1
2020-03-01,Jeollanam-do,0
2020-03-01,Gyeongsangbuk-do,68
2020-03-01,Gyeongsangnam-do,4
2020-03-01,Jeju-do,0
2020-03-02,Seoul,4
2020-03-02,Busan,5
2020-03-02,Daegu,377
2020-03-02,Incheon,1
2020-03-02,Gwangju,0
2020-03-02,Daejeon,1
2020-03-02,Ulsan,0
2020-03-02,Sejong,0
2020-03-02,Gyeonggi-do,3
2020-03-02,Gangwon-do,4
2020-03-02,Chungcheongbuk-do,0
2020-03-02,Chungcheongnam-do,10
2020-03-02,Jeollabuk-do,0
2020-03-02,Jeollanam-do,2
2020-03-02,Gyeongsangbuk-do,68
2020-03-02,Gyeongsangnam-do,1
2020-03-02,Jeju-do,0
2020-03-03,Seoul,7
2020-03-03,Busan,2
2020-03-03,Daegu,520
2020-03-03,Incheon,0
2020-03-03,Gwangju,2
2020-03-03,Daejeon,0
2020-03-03,Ulsan,0
2020-03-03,Sejong,0
2020-03-03,Gyeonggi-do,2
2020-03-03,Gangwon-do,1
2020-03-03,Chungcheongbuk-do,0
2020-03-03,Chungcheongnam-do,3
2020-03-03,Jeollabuk-do,1
2020-03-03,Jeollanam-do,0
2020-03-03,Gyeongsangbuk-do,61
2020-03-03,Gyeongsangnam-do,0
2020-03-03,Jeju-do,1
2020-03-04,Seoul,1
2020-03-04,Busan,2
2020-03-04,Daegu,406
2020-03-04,Incheon,2
2020-03-04,Gwangju,2
2020-03-04,Daejeon,1
2020-03-04,Ulsan,3
2020-03-04,Sejong,0
2020-03-04,Gyeonggi-do,7
2020-03-04,Gangwon-do,1
2020-03-04,Chungcheongbuk-do,0
2020-03-04,Chungcheongnam-do,1
2020-03-04,Jeollabuk-do,0
2020-03-04,Jeollanam-do,-1
2020-03-04,Gyeongsangbuk-do,89
2020-03-04,Gyeongsangnam-do,1
2020-03-04,Jeju-do,0
2020-03-05,Seoul,4
2020-03-05,Busan,0
2020-03-05,Daegu,321
2020-03-05,Incheon,0
2020-03-05,Gwangju,0
2020-03-05,Daejeon,1
2020-03-05,Ulsan,0
2020-03-05,Sejong,0
2020-03-05,Gyeonggi-do,9
2020-03-05,Gangwon-do,2
2020-03-05,Chungcheongbuk-do,1
2020-03-05,Chungcheongnam-do,4
2020-03-05,Jeollabuk-do,0
2020-03-05,Jeollanam-do,0
2020-03-05,Gyeongsangbuk-do,87
2020-03-05,Gyeongsangnam-do,9
2020-03-05,Jeju-do,1
2020-03-06,Seoul,2
2020-03-06,Busan,3
2020-03-06,Daegu,366
2020-03-06,Incheon,0
2020-03-06,Gwangju,0
2020-03-06,Daejeon,2
2020-03-06,Ulsan,0
2020-03-06,Sejong,0
2020-03-06,Gyeonggi-do,10
2020-03-06,Gangwon-do,2
2020-03-06,Chungcheongbuk-do,3
2020-03-06,Chungcheongnam-do,4
2020-03-06,Jeollabuk-do,0
2020-03-06,Jeollanam-do,0
2020-03-06,Gyeongsangbuk-do,123
2020-03-06,Gyeongsangnam-do,3
2020-03-06,Jeju-do,0
2020-03-07,Seoul,3
2020-03-07,Busan,1
2020-03-07,Daegu,390
2020-03-07,Incheon,0
2020-03-07,Gwangju,0
2020-03-07,Daejeon,0
2020-03-07,Ulsan,0
2020-03-07,Sejong,1
2020-03-07,Gyeonggi-do,10
2020-03-07,Gangwon-do,1
2020-03-07,Chungcheongbuk-do,5
2020-03-07,Chungcheongnam-do,2
2020-03-07,Jeollabuk-do,0
2020-03-07,Jeollanam-do,0
2020-03-07,Gyeongsangbuk-do,65
2020-03-07,Gyeongsangnam-do,5
2020-03-07,Jeju-do,0
2020-03-08,Seoul,12
2020-03-08,Busan,0
2020-03-08,Daegu,297
2020-03-08,Incheon,0
2020-03-08,Gwangju,0
2020-03-08,Daejeon,0
2020-03-08,Ulsan,1
2020-03-08,Sejong,1
2020-03-08,Gyeonggi-do,11
2020-03-08,Gangwon-do,1
2020-03-08,Chungcheongbuk-do,4
2020-03-08,Chungcheongnam-do,6
2020-03-08,Jeollabuk-do,0
2020-03-08,Jeollanam-do,0
2020-03-08,Gyeongsangbuk-do,33
2020-03-08,Gyeongsangnam-do,1
2020-03-08,Jeju-do,0
2020-03-09,Seoul,10
2020-03-09,Busan,0
2020-03-09,Daegu,190
2020-03-09,Incheon,0
2020-03-09,Gwangju,2
2020-03-09,Daejeon,0
2020-03-09,Ulsan,0
2020-03-09,Sejong,3
2020-03-09,Gyeonggi-do,12
2020-03-09,Gangwon-do,1
2020-03-09,Chungcheongbuk-do,1
2020-03-09,Chungcheongnam-do,4
2020-03-09,Jeollabuk-do,0
2020-03-09,Jeollanam-do,0
2020-03-09,Gyeongsangbuk-do,25
2020-03-09,Gyeongsangnam-do,0
2020-03-09,Jeju-do,0
2020-03-10,Seoul,11
2020-03-10,Busan,0
2020-03-10,Daegu,92
2020-03-10,Incheon,4
2020-03-10,Gwangju,0
2020-03-10,Daejeon,0
2020-03-10,Ulsan,0
2020-03-10,Sejong,2
2020-03-10,Gyeonggi-do,10
2020-03-10,Gangwon-do,0
2020-03-10,Chungcheongbuk-do,0
2020-03-10,Chungcheongnam-do,2
2020-03-10,Jeollabuk-do,0
2020-03-10,Jeollanam-do,0
2020-03-10,Gyeongsangbuk-do,10
2020-03-10,Gyeongsangnam-do,0
2020-03-10,Jeju-do,0
2020-03-11,Seoul,52
2020-03-11,Busan,2
2020-03-11,Daegu,131
2020-03-11,Incheon,12
2020-03-11,Gwangju,0
2020-03-11,Daejeon,0
2020-03-11,Ulsan,1
2020-03-11,Sejong,2
2020-03-11,Gyeonggi-do,12
2020-03-11,Gangwon-do,1
2020-03-11,Chungcheongbuk-do,2
2020-03-11,Chungcheongnam-do,8
2020-03-11,Jeollabuk-do,0
2020-03-11,Jeollanam-do,0
2020-03-11,Gyeongsangbuk-do,18
2020-03-11,Gyeongsangnam-do,1
2020-03-11,Jeju-do,0
2020-03-12,Seoul,19
2020-03-12,Busan,1
2020-03-12,Daegu,73
2020-03-12,Incheon,0
2020-03-12,Gwangju,0
2020-03-12,Daejeon,2
2020-03-12,Ulsan,0
2020-03-12,Sejong,5
2020-03-12,Gyeonggi-do,3
2020-03-12,Gangwon-do,0
2020-03-12,Chungcheongbuk-do,0
2020-03-12,Chungcheongnam-do,2
2020-03-12,Jeollabuk-do,0
2020-03-12,Jeollanam-do,0
2020-03-12,Gyeongsangbuk-do,8
2020-03-12,Gyeongsangnam-do,1
2020-03-12,Jeju-do,0
2020-03-13,Seoul,13
2020-03-13,Busan,1
2020-03-13,Daegu,61
2020-03-13,Incheon,2
2020-03-13,Gwangju,0
2020-03-13,Daejeon,2
2020-03-13,Ulsan,2
2020-03-13,Sejong,17
2020-03-13,Gyeonggi-do,7
2020-03-13,Gangwon-do,0
2020-03-13,Chungcheongbuk-do,0
2020-03-13,Chungcheongnam-do,1
2020-03-13,Jeollabuk-do,0
2020-03-13,Jeollanam-do,0
2020-03-13,Gyeongsangbuk-do,4
2020-03-13,Gyeongsangnam-do,0
2020-03-13,Jeju-do,0
2020-03-14,Seoul,13
2020-03-14,Busan,3
2020-03-14,Daegu,62
2020-03-14,Incheon,1
2020-03-14,Gwangju,0
2020-03-14,Daejeon,0
2020-03-14,Ulsan,0
2020-03-14,Sejong,6
2020-03-14,Gyeonggi-do,15
2020-03-14,Gangwon-do,0
2020-03-14,Chungcheongbuk-do,1
2020-03-14,Chungcheongnam-do,0
2020-03-14,Jeollabuk-do,0
2020-03-14,Jeollanam-do,0
2020-03-14,Gyeongsangbuk-do,6
2020-03-14,Gyeongsangnam-do,0
2020-03-14,Jeju-do,0
2020-03-15,Seoul,9
2020-03-15,Busan,3
2020-03-15,Daegu,41
2020-03-15,Incheon,2
2020-03-15,Gwangju,1
2020-03-15,Daejeon,0
2020-03-15,Ulsan,1
2020-03-15,Sejong,1
2020-03-15,Gyeonggi-do,11
2020-03-15,Gangwon-do,0
2020-03-15,Chungcheongbuk-do,3
2020-03-15,Chungcheongnam-do,0
2020-03-15,Jeollabuk-do,0
2020-03-15,Jeollanam-do,0
2020-03-15,Gyeongsangbuk-do,4
2020-03-15,Gyeongsangnam-do,0
2020-03-15,Jeju-do,0
2020-03-16,Seoul,6
2020-03-16,Busan,1
2020-03-16,Daegu,35
2020-03-16,Incheon,0
2020-03-16,Gwangju,0
2020-03-16,Daejeon,0
2020-03-16,Ulsan,0
2020-03-16,Sejong,1
2020-03-16,Gyeonggi-do,20
2020-03-16,Gangwon-do,0
2020-03-16,Chungcheongbuk-do,0
2020-03-16,Chungcheongnam-do,0
2020-03-16,Jeollabuk-do,0
2020-03-16,Jeollanam-do,0
2020-03-16,Gyeongsangbuk-do,7
2020-03-16,Gyeongsangnam-do,0
2020-03-16,Jeju-do,0
2020-03-17,Seoul,12
2020-03-17,Busan,0
2020-03-17,Daegu,32
2020-03-17,Incheon,1
2020-03-17,Gwangju,0
2020-03-17,Daejeon,0
2020-03-17,Ulsan,0
2020-03-17,Sejong,0
2020-03-17,Gyeonggi-do,31
2020-03-17,Gangwon-do,0
2020-03-17,Chungcheongbuk-do,0
2020-03-17,Chungcheongnam-do,0
2020-03-17,Jeollabuk-do,0
2020-03-17,Jeollanam-do,0
2020-03-17,Gyeongsangbuk-do,5
2020-03-17,Gyeongsangnam-do,1
2020-03-17,Jeju-do,0
2020-03-18,Seoul,5
2020-03-18,Busan,0
2020-03-18,Daegu,46
2020-03-18,Incheon,1
2020-03-18,Gwangju,1
2020-03-18,Daejeon,0
2020-03-18,Ulsan,2
2020-03-18,Sejong,1
2020-03-18,Gyeonggi-do,15
2020-03-18,Gangwon-do,1
2020-03-18,Chungcheongbuk-do,1
2020-03-18,Chungcheongnam-do,3
2020-03-18,Jeollabuk-do,2
2020-03-18,Jeollanam-do,1
2020-03-18,Gyeongsangbuk-do,9
2020-03-18,Gyeongsangnam-do,0
2020-03-18,Jeju-do,0
2020-03-19,Seoul,12
2020-03-19,Busan,0
2020-03-19,Daegu,97
2020-03-19,Incheon,0
2020-03-19,Gwangju,0
2020-03-19,Daejeon,0
2020-03-19,Ulsan,6
2020-03-19,Sejong,0
2020-03-19,Gyeonggi-do,18
2020-03-19,Gangwon-do,0
2020-03-19,Chungcheongbuk-do,1
2020-03-19,Chungcheongnam-do,0
2020-03-19,Jeollabuk-do,1
2020-03-19,Jeollanam-do,0
2020-03-19,Gyeongsangbuk-do,12
2020-03-19,Gyeongsangnam-do,0
2020-03-19,Jeju-do,0
2020-03-20,Seoul,17
2020-03-20,Busan,1
2020-03-20,Daegu,34
2020-03-20,Incheon,4
2020-03-20,Gwangju,1
2020-03-20,Daejeon,0
2020-03-20,Ulsan,0
2020-03-20,Sejong,0
2020-03-20,Gyeonggi-do,14
2020-03-20,Gangwon-do,0
2020-03-20,Chungcheongbuk-do,0
2020-03-20,Chungcheongnam-do,1
2020-03-20,Jeollabuk-do,0
2020-03-20,Jeollanam-do,0
2020-03-20,Gyeongsangbuk-do,13
2020-03-20,Gyeongsangnam-do,1
2020-03-20,Jeju-do,0
2020-03-21,Seoul,15
2020-03-21,Busan,0
2020-03-21,Daegu,69
2020-03-21,Incheon,4
2020-03-21,Gwangju,0
2020-03-21,Daejeon,0
2020-03-21,Ulsan,0
2020-03-21,Sejong,0
2020-03-21,Gyeonggi-do,12
2020-03-21,Gangwon-do,0
2020-03-21,Chungcheongbuk-do,1
2020-03-21,Chungcheongnam-do,0
2020-03-21,Jeollabuk-do,0
2020-03-21,Jeollanam-do,0
2020-03-21,Gyeongsangbuk-do,40
2020-03-21,Gyeongsangnam-do,0
2020-03-21,Jeju-do,0
2020-03-22,Seoul,10
2020-03-22,Busan,0
2020-03-22,Daegu,43
2020-03-22,Incheon,0
2020-03-22,Gwangju,1
2020-03-22,Daejeon,2
2020-03-22,Ulsan,0
2020-03-22,Sejong,0
2020-03-22,Gyeonggi-do,16
2020-03-22,Gangwon-do,0
2020-03-22,Chungcheongbuk-do,1
2020-03-22,Chungcheongnam-do,1
2020-03-22,Jeollabuk-do,0
2020-03-22,Jeollanam-do,1
2020-03-22,Gyeongsangbuk-do,11
2020-03-22,Gyeongsangnam-do,1
2020-03-22,Jeju-do,0
2020-03-23,Seoul,6
2020-03-23,Busan,1
2020-03-23,Daegu,24
2020-03-23,Incheon,0
2020-03-23,Gwangju,0
2020-03-23,Daejeon,0
2020-03-23,Ulsan,0
2020-03-23,Sejong,1
2020-03-23,Gyeonggi-do,14
2020-03-23,Gangwon-do,0
2020-03-23,Chungcheongbuk-do,2
2020-03-23,Chungcheongnam-do,0
2020-03-23,Jeollabuk-do,0
2020-03-23,Jeollanam-do,0
2020-03-23,Gyeongsangbuk-do,2
2020-03-23,Gyeongsangnam-do,1
2020-03-23,Jeju-do,0
2020-03-24,Seoul,4
2020-03-24,Busan,2
2020-03-24,Daegu,31
2020-03-24,Incheon,1
2020-03-24,Gwangju,0
2020-03-24,Daejeon,0
2020-03-24,Ulsan,0
2020-03-24,Sejong,0
2020-03-24,Gyeonggi-do,15
2020-03-24,Gangwon-do,0
2020-03-24,Chungcheongbuk-do,1
2020-03-24,Chungcheongnam-do,0
2020-03-24,Jeollabuk-do,0
2020-03-24,Jeollanam-do,0
2020-03-24,Gyeongsangbuk-do,1
2020-03-24,Gyeongsangnam-do,1
2020-03-24,Jeju-do,0
2020-03-25,Seoul,13
2020-03-25,Busan,1
2020-03-25,Daegu,14
2020-03-25,Incheon,1
2020-03-25,Gwangju,0
2020-03-25,Daejeon,0
2020-03-25,Ulsan,1
2020-03-25,Sejong,2
2020-03-25,Gyeonggi-do,21
2020-03-25,Gangwon-do,1
2020-03-25,Chungcheongbuk-do,0
2020-03-25,Chungcheongnam-do,3
2020-03-25,Jeollabuk-do,0
2020-03-25,Jeollanam-do,2
2020-03-25,Gyeongsangbuk-do,5
2020-03-25,Gyeongsangnam-do,0
2020-03-25,Jeju-do,2
2020-03-26,Seoul,13
2020-03-26,Busan,0
2020-03-26,Daegu,26
2020-03-26,Incheon,1
2020-03-26,Gwangju,0
2020-03-26,Daejeon,6
2020-03-26,Ulsan,0
2020-03-26,Sejong,0
2020-03-26,Gyeonggi-do,14
2020-03-26,Gangwon-do,0
2020-03-26,Chungcheongbuk-do,1
2020-03-26,Chungcheongnam-do,1
2020-03-26,Jeollabuk-do,0
2020-03-26,Jeollanam-do,0
2020-03-26,Gyeongsangbuk-do,12
2020-03-26,Gyeongsangnam-do,0
2020-03-26,Jeju-do,0
2020-03-27,Seoul,12
2020-03-27,Busan,1
2020-03-27,Daegu,34
2020-03-27,Incheon,3
2020-03-27,Gwangju,1
2020-03-27,Daejeon,1
2020-03-27,Ulsan,2
2020-03-27,Sejong,0
2020-03-27,Gyeonggi-do,11
2020-03-27,Gangwon-do,0
2020-03-27,Chungcheongbuk-do,2
2020-03-27,Chungcheongnam-do,0
2020-03-27,Jeollabuk-do,0
2020-03-27,Jeollanam-do,0
2020-03-27,Gyeongsangbuk-do,9
2020-03-27,Gyeongsangnam-do,1
2020-03-27,Jeju-do,1
2020-03-28,Seoul,18
2020-03-28,Busan,1
2020-03-28,Daegu,71
2020-03-28,Incheon,5
2020-03-28,Gwangju,0
2020-03-28,Daejeon,0
2020-03-28,Ulsan,0
2020-03-28,Sejong,0
2020-03-28,Gyeonggi-do,21
2020-03-28,Gangwon-do,1
2020-03-28,Chungcheongbuk-do,0
2020-03-28,Chungcheongnam-do,2
2020-03-28,Jeollabuk-do,0
2020-03-28,Jeollanam-do,0
2020-03-28,Gyeongsangbuk-do,2
2020-03-28,Gyeongsangnam-do,0
2020-03-28,Jeju-do,1
2020-03-29,Seoul,20
2020-03-29,Busan,3
2020-03-29,Daegu,23
2020-03-29,Incheon,7
2020-03-29,Gwangju,0
2020-03-29,Daejeon,3
2020-03-29,Ulsan,0
2020-03-29,Sejong,2
2020-03-29,Gyeonggi-do,15
2020-03-29,Gangwon-do,2
2020-03-29,Chungcheongbuk-do,0
2020-03-29,Chungcheongnam-do,1
2020-03-29,Jeollabuk-do,2
2020-03-29,Jeollanam-do,1
2020-03-29,Gyeongsangbuk-do,2
2020-03-29,Gyeongsangnam-do,3
2020-03-29,Jeju-do,0
2020-03-30,Seoul,16
2020-03-30,Busan,1
2020-03-30,Daegu,14
2020-03-30,Incheon,0
2020-03-30,Gwangju,0
2020-03-30,Daejeon,0
2020-03-30,Ulsan,0
2020-03-30,Sejong,0
2020-03-30,Gyeonggi-do,15
2020-03-30,Gangwon-do,2
2020-03-30,Chungcheongbuk-do,3
2020-03-30,Chungcheongnam-do,0
2020-03-30,Jeollabuk-do,1
2020-03-30,Jeollanam-do,0
2020-03-30,Gyeongsangbuk-do,11
2020-03-30,Gyeongsangnam-do,1
2020-03-30,Jeju-do,1
2020-03-31,Seoul,24
2020-03-31,Busan,1
2020-03-31,Daegu,60
2020-03-31,Incheon,6
2020-03-31,Gwangju,0
2020-03-31,Daejeon,2
2020-03-31,Ulsan,0
2020-03-31,Sejong,0
2020-03-31,Gyeonggi-do,13
2020-03-31,Gangwon-do,0
2020-03-31,Chungcheongbuk-do,0
2020-03-31,Chungcheongnam-do,1
2020-03-31,Jeollabuk-do,0
2020-03-31,Jeollanam-do,0
2020-03-31,Gyeongsangbuk-do,2
2020-03-31,Gyeongsangnam-do,1
2020-03-31,Jeju-do,0
2020-04-01,Seoul,24
2020-04-01,Busan,3
2020-04-01,Daegu,20
2020-04-01,Incheon,5
2020-04-01,Gwangju,4
2020-04-01,Daejeon,0
2020-04-01,Ulsan,0
2020-04-01,Sejong,0
2020-04-01,Gyeonggi-do,23
2020-04-01,Gangwon-do,2
2020-04-01,Chungcheongbuk-do,0
2020-04-01,Chungcheongnam-do,3
2020-04-01,Jeollabuk-do,1
2020-04-01,Jeollanam-do,3
2020-04-01,Gyeongsangbuk-do,2
2020-04-01,Gyeongsangnam-do,4
2020-04-01,Jeju-do,0
2020-04-02,Seoul,14
2020-04-02,Busan,0
2020-04-02,Daegu,21
2020-04-02,Incheon,4
2020-04-02,Gwangju,1
2020-04-02,Daejeon,0
2020-04-02,Ulsan,1
2020-04-02,Sejong,0
2020-04-02,Gyeonggi-do,17
2020-04-02,Gangwon-do,1
2020-04-02,Chungcheongbuk-do,0
2020-04-02,Chungcheongnam-do,2
2020-04-02,Jeollabuk-do,0
2020-04-02,Jeollanam-do,2
2020-04-02,Gyeongsangbuk-do,2
2020-04-02,Gyeongsangnam-do,6
2020-04-02,Jeju-do,0
2020-04-03,Seoul,18
2020-04-03,Busan,0
2020-04-03,Daegu,9
2020-04-03,Incheon,1
2020-04-03,Gwangju,1
2020-04-03,Daejeon,0
2020-04-03,Ulsan,0
2020-04-03,Sejong,0
2020-04-03,Gyeonggi-do,23
2020-04-03,Gangwon-do,2
2020-04-03,Chungcheongbuk-do,1
2020-04-03,Chungcheongnam-do,1
2020-04-03,Jeollabuk-do,1
2020-04-03,Jeollanam-do,1
2020-04-03,Gyeongsangbuk-do,5
2020-04-03,Gyeongsangnam-do,1
2020-04-03,Jeju-do,0
2020-04-04,Seoul,22
2020-04-04,Busan,0
2020-04-04,Daegu,27
2020-04-04,Incheon,3
2020-04-04,Gwangju,0
2020-04-04,Daejeon,0
2020-04-04,Ulsan,0
2020-04-04,Sejong,0
2020-04-04,Gyeonggi-do,23
2020-04-04,Gangwon-do,1
2020-04-04,Chungcheongbuk-do,0
2020-04-04,Chungcheongnam-do,1
2020-04-04,Jeollabuk-do,0
2020-04-04,Jeollanam-do,0
2020-04-04,Gyeongsangbuk-do,1
2020-04-04,Gyeongsangnam-do,1
2020-04-04,Jeju-do,0
2020-04-05,Seoul,24
2020-04-05,Busan,0
2020-04-05,Daegu,7
2020-04-05,Incheon,2
2020-04-05,Gwangju,1
2020-04-05,Daejeon,1
2020-04-05,Ulsan,0
2020-04-05,Sejong,0
2020-04-05,Gyeonggi-do,10
2020-04-05,Gangwon-do,3
2020-04-05,Chungcheongbuk-do,0
2020-04-05,Chungcheongnam-do,0
2020-04-05,Jeollabuk-do,1
2020-04-05,Jeollanam-do,0
2020-04-05,Gyeongsangbuk-do,4
2020-04-05,Gyeongsangnam-do,1
2020-04-05,Jeju-do,3
2020-04-06,Seoul,11
2020-04-06,Busan,0
2020-04-06,Daegu,13
2020-04-06,Incheon,1
2020-04-06,Gwangju,0
2020-04-06,Daejeon,2
2020-04-06,Ulsan,0
2020-04-06,Sejong,0
2020-04-06,Gyeonggi-do,8
2020-04-06,Gangwon-do,0
2020-04-06,Chungcheongbuk-do,0
2020-04-06,Chungcheongnam-do,1
2020-04-06,Jeollabuk-do,0
2020-04-06,Jeollanam-do,0
2020-04-06,Gyeongsangbuk-do,2
2020-04-06,Gyeongsangnam-do,2
2020-04-06,Jeju-do,0
2020-04-07,Seoul,4
2020-04-07,Busan,1
2020-04-07,Daegu,13
2020-04-07,Incheon,0
2020-04-07,Gwangju,0
2020-04-07,Daejeon,0
2020-04-07,Ulsan,0
2020-04-07,Sejong,0
2020-04-07,Gyeonggi-do,10
2020-04-07,Gangwon-do,2
2020-04-07,Chungcheongbuk-do,0
2020-04-07,Chungcheongnam-do,1
2020-04-07,Jeollabuk-do,0
2020-04-07,Jeollanam-do,0
2020-04-07,Gyeongsangbuk-do,1
2020-04-07,Gyeongsangnam-do,1
2020-04-07,Jeju-do,0